singer,singerLabel
http://www.wikidata.org/entity/Q303,एल्विस प्रेस्ली
http://www.wikidata.org/entity/Q15869,फरेड्डी मर्क्युरी
http://www.wikidata.org/entity/Q43203,क्लिंट ईस्टवुड
http://www.wikidata.org/entity/Q512,व्लदीमिर विसोत्स्की
http://www.wikidata.org/entity/Q409,बॉब मार्ले
http://www.wikidata.org/entity/Q49017,ह्यूज लॉरी
http://www.wikidata.org/entity/Q392,बॉब डिलन
http://www.wikidata.org/entity/Q12349,इन्ना
http://www.wikidata.org/entity/Q1276,लिओनार्ड कोहेन
http://www.wikidata.org/entity/Q14045,मोबी
http://www.wikidata.org/entity/Q16759,केली क्वोकोह
http://www.wikidata.org/entity/Q26876,टेलर स्विफ्ट
http://www.wikidata.org/entity/Q42455,ब्योर्क
http://www.wikidata.org/entity/Q42775,जॉनी कैश
http://www.wikidata.org/entity/Q43874,एडी मर्फी
http://www.wikidata.org/entity/Q29328,ब्री लार्सन
http://www.wikidata.org/entity/Q30449,एव्रिल लावीन
http://www.wikidata.org/entity/Q43416,कियानू रीव्स
http://www.wikidata.org/entity/Q1225,ब्रूस स्प्रिंगस्टीन
http://www.wikidata.org/entity/Q1203,जॉन लेनन
http://www.wikidata.org/entity/Q15935,कान्ये वेस्ट
http://www.wikidata.org/entity/Q31164,इल्ली गौल्डिंग
http://www.wikidata.org/entity/Q43432,जस्टिन टिम्बरलेक
http://www.wikidata.org/entity/Q32849,एकॉन
http://www.wikidata.org/entity/Q32927,वालेरी लेंटिव
http://www.wikidata.org/entity/Q44144,क्रिस जेरिको
http://www.wikidata.org/entity/Q44301,जिम मॉरिसन
http://www.wikidata.org/entity/Q33605,केशा
http://www.wikidata.org/entity/Q1744,मैडोना
http://www.wikidata.org/entity/Q1779,लुईस आर्मस्ट्रांग
http://www.wikidata.org/entity/Q18814,जेसी जे
http://www.wikidata.org/entity/Q34389,व्हिटनी ह्यूस्टन
http://www.wikidata.org/entity/Q34436,स्कार्लेट जोहानसन
http://www.wikidata.org/entity/Q2599,पॉल मॅक्कार्टनी
http://www.wikidata.org/entity/Q19810,विक्टोरिया बेखम
http://www.wikidata.org/entity/Q34460,ग्विनिथ पाल्ट्रो
http://www.wikidata.org/entity/Q44903,लिंडसे लोहान
http://www.wikidata.org/entity/Q34424,शकीरा
http://www.wikidata.org/entity/Q2680,ब्रूस विलिस
http://www.wikidata.org/entity/Q35633,इत्ज़ियार इटुनो
http://www.wikidata.org/entity/Q2709,साशा ग्रे
http://www.wikidata.org/entity/Q20150,साइ
http://www.wikidata.org/entity/Q19848,लेडी गागा
http://www.wikidata.org/entity/Q2643,जार्ज हरिसन
http://www.wikidata.org/entity/Q34580,ईचीरो मिज़ूकी
http://www.wikidata.org/entity/Q45229,ज़ॅक ऍफ्रॉन
http://www.wikidata.org/entity/Q23301,रॉबर्टो बेनिगनी
http://www.wikidata.org/entity/Q23543,सेलीन
http://www.wikidata.org/entity/Q36301,ऐनी हैथवे
http://www.wikidata.org/entity/Q36767,रॉबर्ट पैटिनसन
http://www.wikidata.org/entity/Q4061,वूडी गथरी
http://www.wikidata.org/entity/Q4235,माईली सायरस
http://www.wikidata.org/entity/Q23880,लीला डाउन्ज़
http://www.wikidata.org/entity/Q36844,रिहाना
http://www.wikidata.org/entity/Q2831,माइकल जैक्सन
http://www.wikidata.org/entity/Q46677,मेलिसा बेनोइस्ट
http://www.wikidata.org/entity/Q23215,अडेल
http://www.wikidata.org/entity/Q36268,ब्रिजित बर्दो
http://www.wikidata.org/entity/Q4612,मार्लेन डीट्रिक
http://www.wikidata.org/entity/Q47447,एड शीरन
http://www.wikidata.org/entity/Q47664,कैथरीन ज़ीटा-जोन्स
http://www.wikidata.org/entity/Q36970,जैकी चैन
http://www.wikidata.org/entity/Q37459,निकोल किडमैन
http://www.wikidata.org/entity/Q47875,रॉबी विलियम्स
http://www.wikidata.org/entity/Q48187,एरिक क्लैप्टन
http://www.wikidata.org/entity/Q47899,पेरिस हिल्टन
http://www.wikidata.org/entity/Q37355,जॉन माइकल टॉल्बोट
http://www.wikidata.org/entity/Q4616,मर्लिन मुनरो
http://www.wikidata.org/entity/Q4617,कोर्बिन ब्लू
http://www.wikidata.org/entity/Q38393,आशा भोंसले
http://www.wikidata.org/entity/Q38119,डैनियल रैड्क्लिफ़
http://www.wikidata.org/entity/Q5383,डेविड बोवी
http://www.wikidata.org/entity/Q40096,विल स्मिथ
http://www.wikidata.org/entity/Q40580,लिसा जेरार्ड
http://www.wikidata.org/entity/Q60068,रजनीकान्त
http://www.wikidata.org/entity/Q221908,यानिक नोहा
http://www.wikidata.org/entity/Q40890,एना मारिया जोसेफ़
http://www.wikidata.org/entity/Q6060,50 सॅण्ट
http://www.wikidata.org/entity/Q6096,स्नूप दॉग
http://www.wikidata.org/entity/Q41076,मारिया कैरी
http://www.wikidata.org/entity/Q6105,हेबे कामार्हो
http://www.wikidata.org/entity/Q41548,अंतोनियो बान्देरस
http://www.wikidata.org/entity/Q42018,अनुराधा पौडवाल
http://www.wikidata.org/entity/Q6107,तुपाक शकूर
http://www.wikidata.org/entity/Q121077,भीमसेन जोशी
http://www.wikidata.org/entity/Q121122,कुमार गंधर्व
http://www.wikidata.org/entity/Q121507,अलिसिया कीज़
http://www.wikidata.org/entity/Q224962,काजल अग्रवाल
http://www.wikidata.org/entity/Q227129,ज़ोइ क्राविट्ज़
http://www.wikidata.org/entity/Q7241,रवीन्द्रनाथ ठाकुर
http://www.wikidata.org/entity/Q122020,हिलेरी डफ़
http://www.wikidata.org/entity/Q8446,कर्ट कोबेन
http://www.wikidata.org/entity/Q123174,वेनेसा हजेंस
http://www.wikidata.org/entity/Q9535,शाह रुख़ ख़ान
http://www.wikidata.org/entity/Q9543,सलमान ख़ान
http://www.wikidata.org/entity/Q9570,अमिताभ बच्चन
http://www.wikidata.org/entity/Q11172,Addys मर्सिडीज
http://www.wikidata.org/entity/Q11637,जुडी गारलैंड
http://www.wikidata.org/entity/Q125106,सलमा हायेक
http://www.wikidata.org/entity/Q11975,ब्रिट्नी स्पीयर्स
http://www.wikidata.org/entity/Q12003,शैर
http://www.wikidata.org/entity/Q11998,काइली मिनोग
http://www.wikidata.org/entity/Q127471,ऐश्ले टिस्डेल
http://www.wikidata.org/entity/Q229364,नया रिवेरा
http://www.wikidata.org/entity/Q129591,ह्यू जैकमैन
http://www.wikidata.org/entity/Q129817,रसल क्रो
http://www.wikidata.org/entity/Q306665,मिवा
http://www.wikidata.org/entity/Q130311,जॉर्ज माइकल
http://www.wikidata.org/entity/Q230060,लीटा
http://www.wikidata.org/entity/Q130799,जेम्स ब्लंट
http://www.wikidata.org/entity/Q230451,शेर लॉयड
http://www.wikidata.org/entity/Q131433,शानिया ट्वाइन
http://www.wikidata.org/entity/Q131332,अमाण्डा पीट
http://www.wikidata.org/entity/Q131725,जोन बायज़
http://www.wikidata.org/entity/Q310539,डॉन ओमर
http://www.wikidata.org/entity/Q310580,डेविड कुक
http://www.wikidata.org/entity/Q310763,शैग्गी (संगीतकार)
http://www.wikidata.org/entity/Q310867,संजय दत्त
http://www.wikidata.org/entity/Q132952,एडम सैंडलर
http://www.wikidata.org/entity/Q311103,जेफ बेनेट
http://www.wikidata.org/entity/Q76478,किर्स्टन डंस्ट
http://www.wikidata.org/entity/Q311467,रोनेन कीटिंग
http://www.wikidata.org/entity/Q134575,चोई मिन-हो
http://www.wikidata.org/entity/Q139638,ज़ैकरी लीवाई
http://www.wikidata.org/entity/Q312003,हरिणी रवि
http://www.wikidata.org/entity/Q144622,फिल कॉलिन्स
http://www.wikidata.org/entity/Q270935,क्रिस कॉर्नेल
http://www.wikidata.org/entity/Q232120,एंजेला बैसेट
http://www.wikidata.org/entity/Q312610,सल्वाटोर एडमो
http://www.wikidata.org/entity/Q312705,जॉन चो
http://www.wikidata.org/entity/Q271500,टेस्सा थॉम्पसन
http://www.wikidata.org/entity/Q312783,विवेक
http://www.wikidata.org/entity/Q80424,नेली फ़र्टाडो
http://www.wikidata.org/entity/Q80758,ली मिन-हो
http://www.wikidata.org/entity/Q82110,स्टीवन सीगल
http://www.wikidata.org/entity/Q153708,इरोस रामाज़ोटी
http://www.wikidata.org/entity/Q153658,हन्नाह चैपलिन
http://www.wikidata.org/entity/Q154216,कैट स्टीवंस
http://www.wikidata.org/entity/Q154222,क्रेग देविद
http://www.wikidata.org/entity/Q83287,सेलिना गोमेज़
http://www.wikidata.org/entity/Q233229,कीशिया कोल
http://www.wikidata.org/entity/Q233253,जून कार्टर
http://www.wikidata.org/entity/Q83493,सूज़न बॉयल
http://www.wikidata.org/entity/Q313868,फ़ेला कुटी
http://www.wikidata.org/entity/Q272581,कैथरीन जेनकिंस
http://www.wikidata.org/entity/Q156310,मन्ना डे
http://www.wikidata.org/entity/Q156347,लता मंगेशकर
http://www.wikidata.org/entity/Q155700,क्रिस ब्राउन
http://www.wikidata.org/entity/Q156815,मोहम्मद रफ़ी
http://www.wikidata.org/entity/Q272960,स्टेफ़नी स्कॉट
http://www.wikidata.org/entity/Q315181,अलेक्सेय वराबियोव
http://www.wikidata.org/entity/Q273055,आर केली
http://www.wikidata.org/entity/Q158957,प्रियंका चोपड़ा
http://www.wikidata.org/entity/Q233932,एमीना जाहोवीक
http://www.wikidata.org/entity/Q159577,जेट ली
http://www.wikidata.org/entity/Q159099,नीना हेगन
http://www.wikidata.org/entity/Q160318,नरोत्तम सीहनु
http://www.wikidata.org/entity/Q162202,निकी मिनाज
http://www.wikidata.org/entity/Q164119,मार्क वाह्ल्बर्ग
http://www.wikidata.org/entity/Q234679,शेर्लोट रॉमप्लिंग
http://www.wikidata.org/entity/Q320146,लेओ फेरे
http://www.wikidata.org/entity/Q165219,रॉबर्ट डॉनी जुनियर
http://www.wikidata.org/entity/Q165518,इवन मक्ग्रेगोर
http://www.wikidata.org/entity/Q165911,अशर
http://www.wikidata.org/entity/Q167696,निकोल शेर्ज़िंगर
http://www.wikidata.org/entity/Q235384,लेओनोर वात्लिग
http://www.wikidata.org/entity/Q168012,अलिज़ी
http://www.wikidata.org/entity/Q168847,ब्रिटनी मर्फी
http://www.wikidata.org/entity/Q103343,जेनिफ़र कोनेली
http://www.wikidata.org/entity/Q169946,केट हडसन
http://www.wikidata.org/entity/Q235804,जेसिका लोन्डेस
http://www.wikidata.org/entity/Q104081,मिकी रूनी
http://www.wikidata.org/entity/Q170576,मिला जोवोविच
http://www.wikidata.org/entity/Q236047,हदीसा
http://www.wikidata.org/entity/Q172632,एमी ली
http://www.wikidata.org/entity/Q174957,नीना साइमन
http://www.wikidata.org/entity/Q174843,जेफ़ ब्रिज्स
http://www.wikidata.org/entity/Q106383,इसाबेल अदजानी
http://www.wikidata.org/entity/Q236378,जैकी इवेंको
http://www.wikidata.org/entity/Q331155,श्रुति हासन
http://www.wikidata.org/entity/Q177984,पीटर सेलर्स
http://www.wikidata.org/entity/Q107067,जगजीत सिंह
http://www.wikidata.org/entity/Q107130,राजेश खन्ना
http://www.wikidata.org/entity/Q334818,काम नज़रूल इस्लाम
http://www.wikidata.org/entity/Q108560,ए॰ आर॰ रहमान
http://www.wikidata.org/entity/Q109063,जिमी क्लिफ
http://www.wikidata.org/entity/Q180004,फ़र्गी
http://www.wikidata.org/entity/Q237537,मोइरा केली
http://www.wikidata.org/entity/Q181484,सिया फुर्लेर
http://www.wikidata.org/entity/Q182580,शर्ले टेम्पल
http://www.wikidata.org/entity/Q185140,ह्वाकीन फीनिक्स
http://www.wikidata.org/entity/Q186304,किम कार्दशियन
http://www.wikidata.org/entity/Q186327,मैरीलिन मैनसन
http://www.wikidata.org/entity/Q294907,जे शॉन
http://www.wikidata.org/entity/Q295502,डैरन क्रिस
http://www.wikidata.org/entity/Q373895,बेट्टी व्हाइट
http://www.wikidata.org/entity/Q187832,मैंडी मूर
http://www.wikidata.org/entity/Q187844,पिटबुल
http://www.wikidata.org/entity/Q296491,जॉर्ज सांडर्स
http://www.wikidata.org/entity/Q189489,ज़ैंडेया
http://www.wikidata.org/entity/Q189694,वेस्ली स्नाइप्स
http://www.wikidata.org/entity/Q351670,को कोमिटस
http://www.wikidata.org/entity/Q242023,कारमेन अमाया
http://www.wikidata.org/entity/Q380118,ह्यून बिन (अभिनेता)
http://www.wikidata.org/entity/Q242302,ईवा फरना
http://www.wikidata.org/entity/Q299073,नुसरत फतह अली खान
http://www.wikidata.org/entity/Q380147,लकी दूबे
http://www.wikidata.org/entity/Q355748,महमूद
http://www.wikidata.org/entity/Q356140,बेन ई. किंग
http://www.wikidata.org/entity/Q193338,डैनी एल्फमैन
http://www.wikidata.org/entity/Q381477,कमल हासन
http://www.wikidata.org/entity/Q193676,लुडाक्रिस
http://www.wikidata.org/entity/Q244441,पीट सीगर
http://www.wikidata.org/entity/Q383197,जिञटरा फूणलाप
http://www.wikidata.org/entity/Q194333,बिली जोएल
http://www.wikidata.org/entity/Q197355,झी लिन झांग
http://www.wikidata.org/entity/Q383541,बॉसहंटर
http://www.wikidata.org/entity/Q361642,मराक गुरसुता
http://www.wikidata.org/entity/Q200577,शॉन पॉल
http://www.wikidata.org/entity/Q395249,मेहदी हसन
http://www.wikidata.org/entity/Q201656,निक जोनस
http://www.wikidata.org/entity/Q201927,डेविड हैसलहोफ
http://www.wikidata.org/entity/Q202765,केट विंसलेट
http://www.wikidata.org/entity/Q425728,नारायण गोपाल
http://www.wikidata.org/entity/Q422799,तारादेवी श्रेष्ठ
http://www.wikidata.org/entity/Q422838,सुरिन्दर कौर
http://www.wikidata.org/entity/Q255233,गूगूश
http://www.wikidata.org/entity/Q205707,ब्रैडली कूपर
http://www.wikidata.org/entity/Q369292,थॉमस डेकर
http://www.wikidata.org/entity/Q206856,एंजेला लांसबरी
http://www.wikidata.org/entity/Q207873,मैरी एलिज़ाबेथ विनस्टेड
http://www.wikidata.org/entity/Q455588,आनी चोयिंग डोल्मा
http://www.wikidata.org/entity/Q470416,गीता दत्त
http://www.wikidata.org/entity/Q470898,सोनू निगम
http://www.wikidata.org/entity/Q259379,अनुष्का शंकर
http://www.wikidata.org/entity/Q471542,किशोर कुमार
http://www.wikidata.org/entity/Q472051,ग्लेन फ्रे
http://www.wikidata.org/entity/Q212772,शेरिल कोल
http://www.wikidata.org/entity/Q533341,महालक्ष्मी अय्यर
http://www.wikidata.org/entity/Q482907,ब्रायन एडम्स
http://www.wikidata.org/entity/Q481832,एमी एडम्स
http://www.wikidata.org/entity/Q215219,जोजो
http://www.wikidata.org/entity/Q214831,डेविड आर्चुलेटा
http://www.wikidata.org/entity/Q215215,जॉन मेयर
http://www.wikidata.org/entity/Q483907,जैक ब्लैक
http://www.wikidata.org/entity/Q539711,शोभा गुर्टू
http://www.wikidata.org/entity/Q485901,जेम्स मार्सडेन
http://www.wikidata.org/entity/Q485298,गिलियन एंडरसन
http://www.wikidata.org/entity/Q485310,निल पैट्रिक हैरिस
http://www.wikidata.org/entity/Q486455,सोंग सेंग-हॉन
http://www.wikidata.org/entity/Q218992,नेली
http://www.wikidata.org/entity/Q440898,ग्रेगरी इसहाक
http://www.wikidata.org/entity/Q221155,टी-पैन
http://www.wikidata.org/entity/Q544036,रूना लैला
http://www.wikidata.org/entity/Q543235,अज़रा कोलाकोवीक
http://www.wikidata.org/entity/Q221310,सुंदर
http://www.wikidata.org/entity/Q463902,जीनिवीव नाजी
http://www.wikidata.org/entity/Q464185,दलेर मेंहदी
http://www.wikidata.org/entity/Q464887,डी के पट्टम्माल
http://www.wikidata.org/entity/Q465067,एम. एस. सुब्बुलक्ष्मी
http://www.wikidata.org/entity/Q550778,जॉन डी लैंसी
http://www.wikidata.org/entity/Q464645,बाइ सुजि
http://www.wikidata.org/entity/Q549981,नोराह जोन्स
http://www.wikidata.org/entity/Q642827,अल्लू अर्जुन
http://www.wikidata.org/entity/Q465848,मीना कुमारी
http://www.wikidata.org/entity/Q465863,शबाना आज़मी
http://www.wikidata.org/entity/Q651785,हाइफ़ा वेहबे
http://www.wikidata.org/entity/Q497785,पार्क शिन-हाय
http://www.wikidata.org/entity/Q498019,रिचर्ड सीमन्स
http://www.wikidata.org/entity/Q555778,बाबुल सुप्रियो
http://www.wikidata.org/entity/Q731422,गंगूबाई हंगल
http://www.wikidata.org/entity/Q466683,चाइना
http://www.wikidata.org/entity/Q466826,अलका याज्ञनिक
http://www.wikidata.org/entity/Q466955,नूर जहाँ
http://www.wikidata.org/entity/Q666495,त्रिलोक गुर्टू
http://www.wikidata.org/entity/Q505476,अवीचि
http://www.wikidata.org/entity/Q467315,कविता कृष्णमूर्ति
http://www.wikidata.org/entity/Q467423,रॉबिन थिक
http://www.wikidata.org/entity/Q560642,बुजू बंटन
http://www.wikidata.org/entity/Q508049,एज्रा मिलर
http://www.wikidata.org/entity/Q741679,फ़रहाद दरया
http://www.wikidata.org/entity/Q468356,अली अक़बर ख़ाँ
http://www.wikidata.org/entity/Q562603,अन्ना मुथेसियस
http://www.wikidata.org/entity/Q696991,सिंडी वांग
http://www.wikidata.org/entity/Q755830,आतिफ़ असलम
http://www.wikidata.org/entity/Q469818,उदित नारायण
http://www.wikidata.org/entity/Q760489,आयशा उमर
http://www.wikidata.org/entity/Q580736,अरुणा लाम्बा
http://www.wikidata.org/entity/Q704859,अरशद वारसी
http://www.wikidata.org/entity/Q520001,सैम राइली
http://www.wikidata.org/entity/Q590853,फरहान अख्तर
http://www.wikidata.org/entity/Q614907,सोनाक्षी सिन्हा
http://www.wikidata.org/entity/Q606577,ओल्गा शाहकेबेटे
http://www.wikidata.org/entity/Q528496,जोसेफ़ विजय
http://www.wikidata.org/entity/Q612167,अनु मलिक
http://www.wikidata.org/entity/Q619328,अपोल्लोनिया कोटेरो
http://www.wikidata.org/entity/Q944278,माइकल रुदअस
http://www.wikidata.org/entity/Q1190439,प्रभू देवा
http://www.wikidata.org/entity/Q712611,सनम सईद
http://www.wikidata.org/entity/Q712860,क्रिस मार्टिन
http://www.wikidata.org/entity/Q949606,सोनू कक्कड़
http://www.wikidata.org/entity/Q855128,भुपेन हजारिका
http://www.wikidata.org/entity/Q716849,सुंग जू यिंग
http://www.wikidata.org/entity/Q962604,चिप टेलर
http://www.wikidata.org/entity/Q963396,वैलेंटाइन एलिसाल्डे
http://www.wikidata.org/entity/Q1250743,अदनान सामी
http://www.wikidata.org/entity/Q981797,सुल्तान खान
http://www.wikidata.org/entity/Q984634,सिंगनल्लूर पुट्टस्वामैया मुत्तुराज राजकुमार
http://www.wikidata.org/entity/Q1362169,एग्नेस मोनिका
http://www.wikidata.org/entity/Q1362745,केविन लिटल
http://www.wikidata.org/entity/Q1387724,युवान शंकर राजा
http://www.wikidata.org/entity/Q1623076,ओक्साना फ़ेदरोवा
http://www.wikidata.org/entity/Q1391295,कैलाश खेर
http://www.wikidata.org/entity/Q1393912,टोनी रेबेल
http://www.wikidata.org/entity/Q1647148,कोसतास मरताकिस
http://www.wikidata.org/entity/Q1395430,हिमेश रेशमिया
http://www.wikidata.org/entity/Q1395448,कुन्दन लाल सहगल
http://www.wikidata.org/entity/Q1397628,ओ॰ पी॰ नय्यर
http://www.wikidata.org/entity/Q1660487,इमरान ख़ान (गायक)
http://www.wikidata.org/entity/Q1884754,महा चक्री सिरिनधर
http://www.wikidata.org/entity/Q1736480,सलमा आग़ा
http://www.wikidata.org/entity/Q1758790,एमीलिया वेगा
http://www.wikidata.org/entity/Q2097394,विष्णुवर्धन
http://www.wikidata.org/entity/Q2117321,किशोरी आमोनकर
http://www.wikidata.org/entity/Q1978163,निकोलाइ नोस्कोव
http://www.wikidata.org/entity/Q1827274,समीरा तेवफिक
http://www.wikidata.org/entity/Q2344606,सुखविंदर सिंह
http://www.wikidata.org/entity/Q2153541,जोहान वान बीथोवेन
http://www.wikidata.org/entity/Q2353139,असाला नासरी
http://www.wikidata.org/entity/Q2367593,मुकेश
http://www.wikidata.org/entity/Q2040478,रागेश्वरी
http://www.wikidata.org/entity/Q2547121,सुन लि
http://www.wikidata.org/entity/Q2724719,चित्रा सिंह
http://www.wikidata.org/entity/Q2725555,सती नूरलिजा
http://www.wikidata.org/entity/Q2732205,हेमंत कुमार
http://www.wikidata.org/entity/Q2391534,नादिया मीखर
http://www.wikidata.org/entity/Q2720141,इलैयाराजा
http://www.wikidata.org/entity/Q2722933,सुनिधी चौहान
http://www.wikidata.org/entity/Q2723913,सचिन देव बर्मन
http://www.wikidata.org/entity/Q2723980,फाल्गुनी पाठक
http://www.wikidata.org/entity/Q2724342,शुभा मुद्गल
http://www.wikidata.org/entity/Q2722967,अलीशा चिनॉय
http://www.wikidata.org/entity/Q2723290,पद्मश्री शारदा सिन्हा
http://www.wikidata.org/entity/Q2723854,पंकज उधास
http://www.wikidata.org/entity/Q2049688,एस॰ पी॰ बालासुब्रमण्यम
http://www.wikidata.org/entity/Q2735913,वीना मलिक
http://www.wikidata.org/entity/Q2737017,महेन्द्र कपूर
http://www.wikidata.org/entity/Q2044389,त्यागराज
http://www.wikidata.org/entity/Q2048734,बी॰ अरुंधति
http://www.wikidata.org/entity/Q2049494,शंकर महादेवन
http://www.wikidata.org/entity/Q2050197,पी सुशीला
http://www.wikidata.org/entity/Q2050320,ममता मोहनदास
http://www.wikidata.org/entity/Q2051336,वाणी जयराम
http://www.wikidata.org/entity/Q2049922,चिनमयी
http://www.wikidata.org/entity/Q2050056,साधना सरगम
http://www.wikidata.org/entity/Q2050135,एम॰ जी॰ श्रीकुमार
http://www.wikidata.org/entity/Q2050534,मोहनलाल
http://www.wikidata.org/entity/Q2050788,श्रेया घोषाल
http://www.wikidata.org/entity/Q2051231,हरिहरन
http://www.wikidata.org/entity/Q2051296,एस जानकी
http://www.wikidata.org/entity/Q2051710,एना कैथरीना वलाईल
http://www.wikidata.org/entity/Q2742292,विशाल भारद्वाज
http://www.wikidata.org/entity/Q2745300,बड़े गुलाम अली खां
http://www.wikidata.org/entity/Q2426558,जसराज
http://www.wikidata.org/entity/Q2602601,विष्णु दिगंबर पलुस्कर
http://www.wikidata.org/entity/Q2917376,मोहित चौहान
http://www.wikidata.org/entity/Q2784868,कौशिकी चक्रबर्ती
http://www.wikidata.org/entity/Q2787402,हलधर नाग
http://www.wikidata.org/entity/Q2821596,अभिजीत
http://www.wikidata.org/entity/Q3085728,पार्वती सोमन
http://www.wikidata.org/entity/Q3190751,जेरेमी गेब्रियल
http://www.wikidata.org/entity/Q3200364,कुमार सानु
http://www.wikidata.org/entity/Q2843494,उस्ताद अमीर खान
http://www.wikidata.org/entity/Q3107617,गिरिजा देवी
http://www.wikidata.org/entity/Q2645613,बायरन ली
http://www.wikidata.org/entity/Q3124846,सिद्धार्थ
http://www.wikidata.org/entity/Q3125946,हाफ पिंट
http://www.wikidata.org/entity/Q2879782,रूपम इस्लाम
http://www.wikidata.org/entity/Q2880506,एम. बालामुरलीकृष्ण
http://www.wikidata.org/entity/Q2679233,यो यो हनी सिंह
http://www.wikidata.org/entity/Q2892422,पन्नालाल भट्टाचार्य
http://www.wikidata.org/entity/Q3272944,नेहा भसीन
http://www.wikidata.org/entity/Q3274295,मचेल मोन्टानो
http://www.wikidata.org/entity/Q3494314,वसुंधरा दास
http://www.wikidata.org/entity/Q3345399,बप्पी लाहिड़ी
http://www.wikidata.org/entity/Q3346448,शान
http://www.wikidata.org/entity/Q3038629,ब्रावो
http://www.wikidata.org/entity/Q3288794,उषा मंगेशकर
http://www.wikidata.org/entity/Q3498996,जूनियर एनटिआर
http://www.wikidata.org/entity/Q3500793,आयला आलगन
http://www.wikidata.org/entity/Q3347343,रामप्रसाद सेन
http://www.wikidata.org/entity/Q3347885,पंकज मलिक
http://www.wikidata.org/entity/Q3349252,अनूप जलोटा
http://www.wikidata.org/entity/Q3351688,कानन देवी
http://www.wikidata.org/entity/Q3181097,सुरेश वाडेकर
http://www.wikidata.org/entity/Q3181884,मल्लिकार्जुन बी मंसूर
http://www.wikidata.org/entity/Q3368586,अमन हेयर
http://www.wikidata.org/entity/Q3518417,मल्लिका साराभाई
http://www.wikidata.org/entity/Q3521589,पी उन्नीकृष्णन
http://www.wikidata.org/entity/Q3523638,देवी श्री प्रसाद
http://www.wikidata.org/entity/Q3525273,सेमंगुडी श्रीनिवास अय्यर
http://www.wikidata.org/entity/Q3525389,अनुराधा श्रीराम
http://www.wikidata.org/entity/Q3626950,ज़ैन मलिक
http://www.wikidata.org/entity/Q3631166,मार्गरेट वूड्रो विलसन
http://www.wikidata.org/entity/Q3631233,मलिका पुखराज
http://www.wikidata.org/entity/Q3630686,सुमन कल्याणपुर
http://www.wikidata.org/entity/Q3630868,हीराभाई बादोडेकर
http://www.wikidata.org/entity/Q3630917,केसरबाई केरकर
http://www.wikidata.org/entity/Q3629911,एन एस राजहंस बालगंधर्व
http://www.wikidata.org/entity/Q3630004,डोनाल्ड बारसव्ल
http://www.wikidata.org/entity/Q3630336,सुरैया
http://www.wikidata.org/entity/Q3631779,परवीन सुल्ताना
http://www.wikidata.org/entity/Q3631825,प्रशान्त तामांग
http://www.wikidata.org/entity/Q3632367,रूपमती
http://www.wikidata.org/entity/Q3530897,अरैकुडी रामानुज अयंगार
http://www.wikidata.org/entity/Q3531959,सिवकार्थिकेयन
http://www.wikidata.org/entity/Q3534654,पीयूष मिश्रा
http://www.wikidata.org/entity/Q3632513,सुलक्षणा पंडित
http://www.wikidata.org/entity/Q3632518,राघव सच्चर
http://www.wikidata.org/entity/Q3632664,मोगुभाई कुर्दीकर
http://www.wikidata.org/entity/Q3633203,अली ज़फ़र
http://www.wikidata.org/entity/Q3534673,एम के मुत्थु
http://www.wikidata.org/entity/Q3631241,रेश्मा
http://www.wikidata.org/entity/Q3631420,राहुल वैद्य
http://www.wikidata.org/entity/Q3631714,मिका सिंह
http://www.wikidata.org/entity/Q3633266,सुधीर फड़के
http://www.wikidata.org/entity/Q3633743,नागराज राव हवलदार
http://www.wikidata.org/entity/Q3633978,प्रीतम
http://www.wikidata.org/entity/Q3634230,केके
http://www.wikidata.org/entity/Q3635993,मिस पूजा
http://www.wikidata.org/entity/Q3391654,जेसिका ड्राइवहै
http://www.wikidata.org/entity/Q3536517,अन्नामाचार्य
http://www.wikidata.org/entity/Q3537017,सी वैद्यनाथ भगवतार
http://www.wikidata.org/entity/Q3634007,किशन महाराज
http://www.wikidata.org/entity/Q3319412,वर्जिनिया जॉन्सन
http://www.wikidata.org/entity/Q3663598,कैथी स्मिथ
http://www.wikidata.org/entity/Q3429995,पालिवई भानुमति रामकृष्ण
http://www.wikidata.org/entity/Q3694803,बुशरा अंसारी
http://www.wikidata.org/entity/Q3694938,कुलदीप मानक
http://www.wikidata.org/entity/Q3555213,क्लैमेन पिस्क
http://www.wikidata.org/entity/Q4022198,संदीप आचार्य
http://www.wikidata.org/entity/Q3874799,वोलोडिमिर ज़ेलेंस्की
http://www.wikidata.org/entity/Q3899724,अशोक कुमार
http://www.wikidata.org/entity/Q3595122,बाबा सहगल
http://www.wikidata.org/entity/Q3595144,ऊषा उत्थुप
http://www.wikidata.org/entity/Q3595158,ज़िया ख़ान
http://www.wikidata.org/entity/Q3595190,ग़ुलाम अली
http://www.wikidata.org/entity/Q3595213,लकी अली
http://www.wikidata.org/entity/Q3595270,उस्ताद अब्दुल करीम खाँ
http://www.wikidata.org/entity/Q3739265,फ़ेन्नी केडियो
http://www.wikidata.org/entity/Q3595111,प्रदीप गीतकार
http://www.wikidata.org/entity/Q3595116,बेगम अख्तर
http://www.wikidata.org/entity/Q3595120,सिद्धेश्वरी देवी
http://www.wikidata.org/entity/Q3595475,ईला अरुण
http://www.wikidata.org/entity/Q3595869,तलत महमूद
http://www.wikidata.org/entity/Q3595893,जुबिन गर्ग
http://www.wikidata.org/entity/Q3595902,पद्मिनी कोल्हापुरी
http://www.wikidata.org/entity/Q3764762,शमशाद बेगम
http://www.wikidata.org/entity/Q3765059,एम॰ एम॰ कीरावणी
http://www.wikidata.org/entity/Q3944587,विदुप अग्रहरि
http://www.wikidata.org/entity/Q3617810,अन्ना रीता डेल पियानो
http://www.wikidata.org/entity/Q4263053,युकी कैटो
http://www.wikidata.org/entity/Q4272960,अभिजीत सावंत
http://www.wikidata.org/entity/Q4275668,अनास्तासिया वासिलिवेना मेकेवा
http://www.wikidata.org/entity/Q4264834,अमारा
http://www.wikidata.org/entity/Q4526771,नित्यश्री महादेवन
http://www.wikidata.org/entity/Q4661119,आदेश श्रीवास्तव
http://www.wikidata.org/entity/Q4662647,आरती मुखर्जी
http://www.wikidata.org/entity/Q4777819,अनुपम अमोद
http://www.wikidata.org/entity/Q4777837,अनुपमा देशपाण्डे
http://www.wikidata.org/entity/Q4790608,अरिजीत सिंह
http://www.wikidata.org/entity/Q4701450,अकमल खान
http://www.wikidata.org/entity/Q4701639,आकृति कक्कड़
http://www.wikidata.org/entity/Q4802145,अरुण थापा
http://www.wikidata.org/entity/Q4803203,असद अमानत अली खान
http://www.wikidata.org/entity/Q4806200,अश्विनी भिड़े-देशपांडे
http://www.wikidata.org/entity/Q4778007,अनवर (गायक)
http://www.wikidata.org/entity/Q4781922,राशिद खान
http://www.wikidata.org/entity/Q4784427,आरती अंकलीकर टिकेकर
http://www.wikidata.org/entity/Q4683043,अदिति सिंह शर्मा
http://www.wikidata.org/entity/Q4683085,आदित्य नारायण
http://www.wikidata.org/entity/Q4777912,अनुषा धाँडेकर
http://www.wikidata.org/entity/Q4204635,हेमा सरदेसाई
http://www.wikidata.org/entity/Q4355620,कविता सेठ
http://www.wikidata.org/entity/Q4356251,केटी ग्रिफिन
http://www.wikidata.org/entity/Q4831843,आयुष्मान खुराना
http://www.wikidata.org/entity/Q4837608,बब्बु मान
http://www.wikidata.org/entity/Q4866295,बसवराज राजगुरु
http://www.wikidata.org/entity/Q4866828,बशीर अहमद
http://www.wikidata.org/entity/Q4727094,एलिसन हिंड्स
http://www.wikidata.org/entity/Q4730300,अल्लाह जिलाई बाई
http://www.wikidata.org/entity/Q4736038,अल्ताफ राजा
http://www.wikidata.org/entity/Q4725343,आलिया भट्ट
http://www.wikidata.org/entity/Q4860901,बरकत अली खान
http://www.wikidata.org/entity/Q4740593,ममता शर्मा
http://www.wikidata.org/entity/Q4889964,बेनी दयाल
http://www.wikidata.org/entity/Q4922848,कटारिया इंग्लिश
http://www.wikidata.org/entity/Q4748646,अमरिंदर गिल
http://www.wikidata.org/entity/Q5071424,चंद्राणी मुखर्जी
http://www.wikidata.org/entity/Q4746754,अमीरबाई कर्नाटकी
http://www.wikidata.org/entity/Q4746854,अमित कुमार
http://www.wikidata.org/entity/Q4746887,अमित टंडन
http://www.wikidata.org/entity/Q4901493,भवधारिणी
http://www.wikidata.org/entity/Q4901702,भिकारी बल
http://www.wikidata.org/entity/Q4902188,भूपेन्द्र सिंह
http://www.wikidata.org/entity/Q5102517,छित्तूर नगय्याह
http://www.wikidata.org/entity/Q4757628,एंड्रयू किशोर
http://www.wikidata.org/entity/Q4761956,पापोन
http://www.wikidata.org/entity/Q5094161,चेतन्य अदीब
http://www.wikidata.org/entity/Q5094774,पंडित छन्नूलाल मिश्रा
http://www.wikidata.org/entity/Q5101174,चिन्नापन्नू
http://www.wikidata.org/entity/Q4765635,अनीता सिंघवी
http://www.wikidata.org/entity/Q5250660,दीपू
http://www.wikidata.org/entity/Q5266378,देव (दीपक अधिकारी)
http://www.wikidata.org/entity/Q5266447,देवकी पंडित
http://www.wikidata.org/entity/Q5268908,धनञ्जय भट्टाचार्य
http://www.wikidata.org/entity/Q5276830,दिलजीत दोसांझ
http://www.wikidata.org/entity/Q5431631,फलक शब्बीर
http://www.wikidata.org/entity/Q5438697,फवाद अफजल खान
http://www.wikidata.org/entity/Q5289331,डॉली गुलेरिया
http://www.wikidata.org/entity/Q5452173,फिरोजा बेगम
http://www.wikidata.org/entity/Q5316390,दुर्गा रंगीला
http://www.wikidata.org/entity/Q5639322,हेमन्ती शुक्ला
http://www.wikidata.org/entity/Q5203004,राजेश हमाल
http://www.wikidata.org/entity/Q5210099,दक्ष अजीत सिंह
http://www.wikidata.org/entity/Q5620175,राम रहीम सिंह
http://www.wikidata.org/entity/Q5620296,गुरशरण कौर
http://www.wikidata.org/entity/Q5492958,ज़िला खान
http://www.wikidata.org/entity/Q5644523,कैमिलो (गायक)
http://www.wikidata.org/entity/Q5512341,ग़ुलाम मुस्तफ़ा दुर्रानी
http://www.wikidata.org/entity/Q5650648,हंस राज हंस
http://www.wikidata.org/entity/Q5657172,हरिओम शरण
http://www.wikidata.org/entity/Q5247086,सिथारा कृष्णकुमार
http://www.wikidata.org/entity/Q5520834,गणेश हेगड़े
http://www.wikidata.org/entity/Q5527642,गौहर जान
http://www.wikidata.org/entity/Q5673882,हर्षदीप कौर
http://www.wikidata.org/entity/Q5550828,गेरी एक्स
http://www.wikidata.org/entity/Q5557645,गुलाम मुस्तफ़ा खान
http://www.wikidata.org/entity/Q5564076,गिप्पी ग्रेवाल
http://www.wikidata.org/entity/Q5712227,हेमलता
http://www.wikidata.org/entity/Q5960361,कोल्लंगुडी करुप्पेयी
http://www.wikidata.org/entity/Q6071207,पीनाज़ मसानी
http://www.wikidata.org/entity/Q5957418,कृष्ण चन्द्र डे
http://www.wikidata.org/entity/Q6065762,इक़बाल बानो
http://www.wikidata.org/entity/Q6067643,पवन कल्याण
http://www.wikidata.org/entity/Q5768775,हीरा देवी वेबा
http://www.wikidata.org/entity/Q6163181,विंजमूरि अनसूय देवी
http://www.wikidata.org/entity/Q6293296,जोस मारिया नेपोलियन
http://www.wikidata.org/entity/Q6297251,जय सरकार
http://www.wikidata.org/entity/Q6098766,राम सम्पत
http://www.wikidata.org/entity/Q6163873,जसपाल सिंह
http://www.wikidata.org/entity/Q6164123,जसपिंदर नरूला
http://www.wikidata.org/entity/Q6164378,जसविंदर ब्रार
http://www.wikidata.org/entity/Q6165291,जावेद अली
http://www.wikidata.org/entity/Q6172986,जीत गांगुली
http://www.wikidata.org/entity/Q6318701,जुथिका रॉय
http://www.wikidata.org/entity/Q6762922,मैरी लॉयड
http://www.wikidata.org/entity/Q6121223,जद्दनबाई
http://www.wikidata.org/entity/Q6126886,शारदा
http://www.wikidata.org/entity/Q6363189,कनिका कपूर
http://www.wikidata.org/entity/Q6366618,कपिल शर्मा
http://www.wikidata.org/entity/Q6936800,मुन्नी बेगम
http://www.wikidata.org/entity/Q6940119,मुस्सरत नज़ीर
http://www.wikidata.org/entity/Q6956809,नबील शौकत अली
http://www.wikidata.org/entity/Q6959236,नहीद अख़्तर
http://www.wikidata.org/entity/Q6792458,मौली दवे
http://www.wikidata.org/entity/Q6965773,नरेंद्र चंचल
http://www.wikidata.org/entity/Q6965796,नरेन्द्र सिंह नेगी
http://www.wikidata.org/entity/Q6214794,जोगिन्दर शेल्ली
http://www.wikidata.org/entity/Q6583188,फुमफूअङ डुअङजान
http://www.wikidata.org/entity/Q6982579,नवतेज सिंग रेहाल
http://www.wikidata.org/entity/Q6809908,मेहविश हयात
http://www.wikidata.org/entity/Q6986984,नीति मोहन
http://www.wikidata.org/entity/Q6444155,कुणाल गांजावाला
http://www.wikidata.org/entity/Q6444681,कुनिका
http://www.wikidata.org/entity/Q6435847,नित्या मेनन
http://www.wikidata.org/entity/Q6676105,लोपामुद्रा मित्रा
http://www.wikidata.org/entity/Q7034881,निखिल पॉल जॉर्ज
http://www.wikidata.org/entity/Q7237725,प्रहलाद सिंह टिपानिया
http://www.wikidata.org/entity/Q7238702,प्रतिमा बरुआ पांडे
http://www.wikidata.org/entity/Q7239778,प्रीति कौर
http://www.wikidata.org/entity/Q7239780,प्रीति सागर
http://www.wikidata.org/entity/Q7282998,रघुवीर यादव
http://www.wikidata.org/entity/Q7283399,रहीम-उद-खान डागर
http://www.wikidata.org/entity/Q6746995,मानसी पारेख गोहिल
http://www.wikidata.org/entity/Q6751197,मनोज तिवारी (लोकगायक)
http://www.wikidata.org/entity/Q6480405,ललिथ जे. राव
http://www.wikidata.org/entity/Q6480415,ललिता शिवकुमार
http://www.wikidata.org/entity/Q7041093,निसार हुसैन खान
http://www.wikidata.org/entity/Q7041308,नितिन मुकेश
http://www.wikidata.org/entity/Q7246507,प्रियंका कार्की
http://www.wikidata.org/entity/Q7255900,सोना मोहपात्रा
http://www.wikidata.org/entity/Q7272927,क़ुरतुलैन बलोच
http://www.wikidata.org/entity/Q7273767,रुद्रपतना कृष्णाशास्त्री श्रीकांतन
http://www.wikidata.org/entity/Q7278692,रबी पीरज़ादा
http://www.wikidata.org/entity/Q7399059,सागरिका
http://www.wikidata.org/entity/Q7399475,सहार ताहा
http://www.wikidata.org/entity/Q6727522,मधुरा नायक
http://www.wikidata.org/entity/Q6728284,मैडलिन डेविस
http://www.wikidata.org/entity/Q6732616,माह लाक़ा बाई
http://www.wikidata.org/entity/Q6875539,मायादा अल हेनावी
http://www.wikidata.org/entity/Q6881637,मिथुन
http://www.wikidata.org/entity/Q7420991,सपना अवस्थी
http://www.wikidata.org/entity/Q7420992,सपना मुखर्जी
http://www.wikidata.org/entity/Q6892073,मोहम्मद इरफान अली
http://www.wikidata.org/entity/Q6897670,मोना घोष शेट्टी
http://www.wikidata.org/entity/Q6897935,मोनाली ठाकुर
http://www.wikidata.org/entity/Q7282241,राफेल ओरोज्को मास्ट्रे
http://www.wikidata.org/entity/Q7405358,सलमा अख़्तर
http://www.wikidata.org/entity/Q6754269,मकबूल साबरी
http://www.wikidata.org/entity/Q6917843,मोतिराम भट्ट
http://www.wikidata.org/entity/Q7126627,पलक मुच्छल
http://www.wikidata.org/entity/Q7286301,राजकुमारी दुबे
http://www.wikidata.org/entity/Q7288507,राम कृष्ण ढकाल
http://www.wikidata.org/entity/Q7310608,रेखा भारद्वाज
http://www.wikidata.org/entity/Q7683178,तंगुतुरी सूर्यकुमारी
http://www.wikidata.org/entity/Q7289323,रामदेव चैतो
http://www.wikidata.org/entity/Q7293161,रंजीत कौर
http://www.wikidata.org/entity/Q7418501,संजीव चिमलगी
http://www.wikidata.org/entity/Q7418507,संजीव अभ्यंकर
http://www.wikidata.org/entity/Q7420654,संतोष जोशी
http://www.wikidata.org/entity/Q7137020,परिचय
http://www.wikidata.org/entity/Q7137069,प्रज्ञा पांड्या शाह
http://www.wikidata.org/entity/Q7295154,रसूलन बाई
http://www.wikidata.org/entity/Q7296636,रवि किचलू
http://www.wikidata.org/entity/Q7668166,तंजावूर बृंदा
http://www.wikidata.org/entity/Q7678941,तलत अज़ीज़
http://www.wikidata.org/entity/Q7461072,शफ़क़त अमानत अली
http://www.wikidata.org/entity/Q7462450,शैल हाड़ा
http://www.wikidata.org/entity/Q7685156,तारा सुतारिया
http://www.wikidata.org/entity/Q7694210,तीजनबाई
http://www.wikidata.org/entity/Q7504185,श्रीराम अय्यर
http://www.wikidata.org/entity/Q7800009,टिया बाजपेई
http://www.wikidata.org/entity/Q7487294,शाल्मली खोलगडे
http://www.wikidata.org/entity/Q7490181,शेरोन प्रभाकर
http://www.wikidata.org/entity/Q7496763,शिल्पा राव
http://www.wikidata.org/entity/Q7499251,शिव शंकर
http://www.wikidata.org/entity/Q7710412,तंजई सेल्वी
http://www.wikidata.org/entity/Q8071287,ज़िया फ़रीदुद्दीन डागर
http://www.wikidata.org/entity/Q8071909,ज़िल-ए-हुमा
http://www.wikidata.org/entity/Q8195640,एलिसा व्हाइट-ग्लुज़
http://www.wikidata.org/entity/Q7366355,रूप कुमार राठौड
http://www.wikidata.org/entity/Q7544825,स्मिता बेल्लुर
http://www.wikidata.org/entity/Q7545433,स्मिता माधव
http://www.wikidata.org/entity/Q7554623,सोहैल सेन
http://www.wikidata.org/entity/Q7368808,रोशन आरा बेगम
http://www.wikidata.org/entity/Q7562978,सोफी चौधरी
http://www.wikidata.org/entity/Q7586512,श्रीरंगम गोपलारत्नम
http://www.wikidata.org/entity/Q7811980,तोची रैना
http://www.wikidata.org/entity/Q8264902,झू झू
http://www.wikidata.org/entity/Q7379114,रूमा गुहा ठाकुरता
http://www.wikidata.org/entity/Q7380407,रुपिंदर हांडा
http://www.wikidata.org/entity/Q7380441,रुपरेखा बनर्जी
http://www.wikidata.org/entity/Q7640371,सुनीता दुलाल
http://www.wikidata.org/entity/Q7878929,उल्हास काशलकर
http://www.wikidata.org/entity/Q7633703,सुदेश भोंसले
http://www.wikidata.org/entity/Q7634710,सुगंधा मिश्रा
http://www.wikidata.org/entity/Q7636729,सुल्तान राही
http://www.wikidata.org/entity/Q7852779,टुन टुन
http://www.wikidata.org/entity/Q7395773,सबा आज़ाद
http://www.wikidata.org/entity/Q7396105,सबिन राय
http://www.wikidata.org/entity/Q7843808,तृप्ति मुखर्जी
http://www.wikidata.org/entity/Q7852394,तुलसी कुमार
http://www.wikidata.org/entity/Q7648978,सुषमा श्रेष्ठ
http://www.wikidata.org/entity/Q7922433,वेरोनिका मेहता
http://www.wikidata.org/entity/Q7929087,विजय एंटोनी
http://www.wikidata.org/entity/Q7929157,विजय किचलू
http://www.wikidata.org/entity/Q7929269,विजयलक्ष्मी नवनीतकृष्णन
http://www.wikidata.org/entity/Q7931268,विमालक्का
http://www.wikidata.org/entity/Q7932756,विनोद राठौड़
http://www.wikidata.org/entity/Q7935917,विशाखा हरी
http://www.wikidata.org/entity/Q7972651,वासिफुद्दीन डागर
http://www.wikidata.org/entity/Q9369646,विशाल दादलानी
http://www.wikidata.org/entity/Q11054789,कृष्णा बेउरा
http://www.wikidata.org/entity/Q11529119,ऐरी मत्सुई
http://www.wikidata.org/entity/Q11698517,पेड्रो अलोंसो
http://www.wikidata.org/entity/Q11099766,जुनैद जमशेद
http://www.wikidata.org/entity/Q12071552,टिफ़नी ट्रम्प
http://www.wikidata.org/entity/Q11141162,बब्बू मान
http://www.wikidata.org/entity/Q11169414,इश्मीत सिंह
http://www.wikidata.org/entity/Q12070269,कबीर सुमन
http://www.wikidata.org/entity/Q12309788,ऐला हेंडरसन
http://www.wikidata.org/entity/Q12033409,टिनपिता शिघकिआ
http://www.wikidata.org/entity/Q12237722,लायाल अब्बूड
http://www.wikidata.org/entity/Q12251104,बाद अल बहरी
http://www.wikidata.org/entity/Q12425474,चंदन दास
http://www.wikidata.org/entity/Q13060122,सैयद अब्दुल हादी
http://www.wikidata.org/entity/Q13111433,के. ओमानकुट्टी
http://www.wikidata.org/entity/Q13111490,के॰पी॰ उदयभानु
http://www.wikidata.org/entity/Q13121163,विनायकराव पटवर्धन
http://www.wikidata.org/entity/Q13180267,कोइली देवी
http://www.wikidata.org/entity/Q13426840,कमल खान
http://www.wikidata.org/entity/Q13217306,लिली जेम्स
http://www.wikidata.org/entity/Q14867563,अकबर ख़ान
http://www.wikidata.org/entity/Q14916694,शमीम देव आज़ाद
http://www.wikidata.org/entity/Q14917099,नेहा कक्कड़
http://www.wikidata.org/entity/Q13410275,विठाबाई नारायणगावणकर
http://www.wikidata.org/entity/Q13027773,माइक फिरोमफोन
http://www.wikidata.org/entity/Q13452040,शेखर सेन
http://www.wikidata.org/entity/Q15061909,इन्दिरा जोशी
http://www.wikidata.org/entity/Q16106029,नीला भागवत
http://www.wikidata.org/entity/Q16208347,निर्मला देवी
http://www.wikidata.org/entity/Q15934116,खाङ शुलगि
http://www.wikidata.org/entity/Q16204529,निखिल डिसूज़ा
http://www.wikidata.org/entity/Q16014426,बेल्ली ललिता
http://www.wikidata.org/entity/Q13564386,फराह यूसफ
http://www.wikidata.org/entity/Q15152796,प्रकाश कौर
http://www.wikidata.org/entity/Q15176479,धर्मराज थापा
http://www.wikidata.org/entity/Q15956993,हिलदामित लेपचा
http://www.wikidata.org/entity/Q15977284,जस्सी गिल
http://www.wikidata.org/entity/Q16211242,मथिरा ख़ान
http://www.wikidata.org/entity/Q13645808,मधुश्री
http://www.wikidata.org/entity/Q16148924,फराह अब्राहम
http://www.wikidata.org/entity/Q16150133,साशा आग़ा
http://www.wikidata.org/entity/Q16217354,इंदु सोनाली
http://www.wikidata.org/entity/Q16233540,कृति सैनॉन
http://www.wikidata.org/entity/Q16235597,सिद्धार्थ महादेवन
http://www.wikidata.org/entity/Q16240139,दीगंगना सूर्यवंशी
http://www.wikidata.org/entity/Q15340767,अंकित तिवारी
http://www.wikidata.org/entity/Q16002900,अमृता काक
http://www.wikidata.org/entity/Q16150687,मालिनी अवस्थी
http://www.wikidata.org/entity/Q15485985,नय्यारा नूर
http://www.wikidata.org/entity/Q15486560,गुलाम फरीद साबरी
http://www.wikidata.org/entity/Q15604741,शीतल साठे
http://www.wikidata.org/entity/Q16308143,शशी रावल
http://www.wikidata.org/entity/Q16688282,बमबम (गायक)
http://www.wikidata.org/entity/Q15645359,उस्ताद मुश्ताक हुसैन खान
http://www.wikidata.org/entity/Q15708554,अदिति महसिन
http://www.wikidata.org/entity/Q17479076,गंभरी देवी
http://www.wikidata.org/entity/Q17517127,केदार घिमीरे
http://www.wikidata.org/entity/Q16755934,सावनी रविंद्र
http://www.wikidata.org/entity/Q17581426,जॉली अब्राहम
http://www.wikidata.org/entity/Q16582032,जोनिथा गाँधी
http://www.wikidata.org/entity/Q16586250,कल्पना पटवारी
http://www.wikidata.org/entity/Q18340500,अली क़ुली मिर्ज़ा
http://www.wikidata.org/entity/Q18354524,सनम पुरी
http://www.wikidata.org/entity/Q16978200,पार्वती बाउल
http://www.wikidata.org/entity/Q17994542,गजेंद्र वर्मा
http://www.wikidata.org/entity/Q16935051,एंजेलीना जॉर्डन
http://www.wikidata.org/entity/Q17386171,राशी खन्ना
http://www.wikidata.org/entity/Q17001281,ज़ोहराबाई अम्बालेवाली
http://www.wikidata.org/entity/Q17403476,कीर्ति सुरेश
http://www.wikidata.org/entity/Q17403494,मेगन ट्रेनर
http://www.wikidata.org/entity/Q18586385,रितुराज मोहंती
http://www.wikidata.org/entity/Q19810390,चार्ली पुथ
http://www.wikidata.org/entity/Q18116606,नैंसी मोमोलैंड
http://www.wikidata.org/entity/Q18608779,हार्डी संधु
http://www.wikidata.org/entity/Q19832451,गायत्री शंकरन
http://www.wikidata.org/entity/Q18211443,अनुज (रामानुज) शर्मा
http://www.wikidata.org/entity/Q19891547,रीता गांगुली
http://www.wikidata.org/entity/Q19892051,जगमोहन कौर
http://www.wikidata.org/entity/Q19893995,मिलिन्द गाबा
http://www.wikidata.org/entity/Q19895578,दामोदर राव
http://www.wikidata.org/entity/Q19896109,जैस्मीन सैंडलास
http://www.wikidata.org/entity/Q19898398,रिमी बसु सिन्हा
http://www.wikidata.org/entity/Q20481315,राम पंजवाणी
http://www.wikidata.org/entity/Q18686497,सुमित्रा गुहा
http://www.wikidata.org/entity/Q18750564,स्वरूप खान
http://www.wikidata.org/entity/Q19609660,बादशाह
http://www.wikidata.org/entity/Q20809682,दिवालीबेन भील
http://www.wikidata.org/entity/Q18720168,नोरा फतेही
http://www.wikidata.org/entity/Q20742312,प्रल्हाद शिंदे
http://www.wikidata.org/entity/Q20744456,जेसी गोंजालेज़
http://www.wikidata.org/entity/Q19663809,रजनीगंधा शेखावत
http://www.wikidata.org/entity/Q20609779,सुखविंदर अमृत
http://www.wikidata.org/entity/Q23017315,मार्को डि मेरे
http://www.wikidata.org/entity/Q19715184,हरिप्रसाद रिमाल
http://www.wikidata.org/entity/Q19671619,कोमल ओली
http://www.wikidata.org/entity/Q19684138,शिव परियार
http://www.wikidata.org/entity/Q20643863,जितेंद्र हरीपाल
http://www.wikidata.org/entity/Q20894408,ऐमी विर्क
http://www.wikidata.org/entity/Q20918648,वसुंधरा कोमकाली
http://www.wikidata.org/entity/Q21622948,टी० श्रीनिधि
http://www.wikidata.org/entity/Q20684023,बिन्ध्याबासिनी देवी
http://www.wikidata.org/entity/Q21064202,आस्था गिल
http://www.wikidata.org/entity/Q22004041,युमलेम्बम गंभीनी देवि
http://www.wikidata.org/entity/Q23498586,खेसारी लाल यादव
http://www.wikidata.org/entity/Q24707939,कान अकालिन
http://www.wikidata.org/entity/Q24717996,अमजद साबरी
http://www.wikidata.org/entity/Q25999159,मनप्रीत अख्तर
http://www.wikidata.org/entity/Q21139334,अशिष्मा नकर्मी
http://www.wikidata.org/entity/Q26707663,ळिश मनोबाञ
http://www.wikidata.org/entity/Q21235564,लाल्सांजुउली सैलो
http://www.wikidata.org/entity/Q21285560,इक्का सिंह
http://www.wikidata.org/entity/Q22277803,फ्लोरेंस प्यू
http://www.wikidata.org/entity/Q22278322,विद्या अय्यर
http://www.wikidata.org/entity/Q26703681,निर्मल रॉय
http://www.wikidata.org/entity/Q24950633,हुस्ना बाई
http://www.wikidata.org/entity/Q23883763,शर्ली सेतिया
http://www.wikidata.org/entity/Q23884700,सन्दीप लामिछाने
http://www.wikidata.org/entity/Q23900905,कृष्णराव शंकर पण्डित
http://www.wikidata.org/entity/Q26923073,अनिमा चौधरी
http://www.wikidata.org/entity/Q27517441,मंदार आगाशे
http://www.wikidata.org/entity/Q27656974,जगजीत कौर
http://www.wikidata.org/entity/Q23008002,ज़ुबिन नौटियाल
http://www.wikidata.org/entity/Q27901968,मैरी मिलबेन
http://www.wikidata.org/entity/Q28529974,अनन्या बिड़ला
http://www.wikidata.org/entity/Q28531431,फिया यूनान
http://www.wikidata.org/entity/Q27949750,अनीथा कुप्पुसामी
http://www.wikidata.org/entity/Q27950774,अलेना तिल्की
http://www.wikidata.org/entity/Q25681795,दीपाली बर्थकुर
http://www.wikidata.org/entity/Q29791495,फ्रांसिस्का अरोनसन
http://www.wikidata.org/entity/Q31202687,विशु भटनागर
http://www.wikidata.org/entity/Q31340258,बसंती बिष्ट
http://www.wikidata.org/entity/Q28037322,मंगला बनसोडे
http://www.wikidata.org/entity/Q31765055,मेलिना राई
http://www.wikidata.org/entity/Q33083005,अखिल
http://www.wikidata.org/entity/Q33104133,पायल देव
http://www.wikidata.org/entity/Q28796252,सतिन्दर सरताज
http://www.wikidata.org/entity/Q30323629,भुवन बाम
http://www.wikidata.org/entity/Q30557637,गुरु रंधावा
http://www.wikidata.org/entity/Q30689142,गिन्नी माही
http://www.wikidata.org/entity/Q48884766,सपना चौधरी
http://www.wikidata.org/entity/Q38460106,मैनुअल टरीज़ो
http://www.wikidata.org/entity/Q30905763,क्रिश्चियन नोडल
http://www.wikidata.org/entity/Q30923155,आकारी नानावो
http://www.wikidata.org/entity/Q50166156,सन्तोष लामा
http://www.wikidata.org/entity/Q47401728,लियोरा इतज़ाक
http://www.wikidata.org/entity/Q47453279,उलियाना सिनेट्स्काया
http://www.wikidata.org/entity/Q48017076,पूर्ण नेपाली
http://www.wikidata.org/entity/Q50825643,ममता चंद्राकर
http://www.wikidata.org/entity/Q50924797,दारोजि एराम्मा
http://www.wikidata.org/entity/Q58976017,स्टेबिन बेन
http://www.wikidata.org/entity/Q55583818,चंदन तिवारी
http://www.wikidata.org/entity/Q56162397,एंजेला एगुइलर अल्वारेज़
http://www.wikidata.org/entity/Q61999077,जोलेन मेरी
http://www.wikidata.org/entity/Q56280282,सिद्धार्थ मेनन
http://www.wikidata.org/entity/Q55759824,सिद्धू मूसे वाला
http://www.wikidata.org/entity/Q60194375,सलमान अली
http://www.wikidata.org/entity/Q61052311,राजेश्वर आचार्य
http://www.wikidata.org/entity/Q60648636,अहद रज़ा मीर
http://www.wikidata.org/entity/Q57059080,मन्नत नूर
http://www.wikidata.org/entity/Q57524229,टोनी कक्कड़
http://www.wikidata.org/entity/Q58054262,यांग यांग
http://www.wikidata.org/entity/Q61896827,ध्वनि भानुशाली
http://www.wikidata.org/entity/Q65284467,गवरी देवी
http://www.wikidata.org/entity/Q76515055,जस मानक
http://www.wikidata.org/entity/Q83708517,डिक्सी डी’एमेलियो
http://www.wikidata.org/entity/Q66528582,मैथिली ठाकुर
http://www.wikidata.org/entity/Q78238318,बी प्राक
http://www.wikidata.org/entity/Q81878478,शहनाज़ गिल
http://www.wikidata.org/entity/Q66735855,फुलाटी गिडली
http://www.wikidata.org/entity/Q80784425,सैमुअल सिंह
http://www.wikidata.org/entity/Q93481484,नैटी (थाई गायक)
http://www.wikidata.org/entity/Q86954920,अश्विनी भारद्वाज
http://www.wikidata.org/entity/Q95997981,रमानी अम्मल
http://www.wikidata.org/entity/Q96181684,बसेन मुर्मू
http://www.wikidata.org/entity/Q97671940,मनकीरत औलख
http://www.wikidata.org/entity/Q98699261,अर्चना महंत
http://www.wikidata.org/entity/Q98773730,पर्मिश वर्मा
http://www.wikidata.org/entity/Q99469239,एपी ढिल्लों
http://www.wikidata.org/entity/Q104560457,Defri Juliant
http://www.wikidata.org/entity/Q99947333,महेश महदेव
http://www.wikidata.org/entity/Q105081350,गुरजोत सिंह कलेर
http://www.wikidata.org/entity/Q106731062,कुली कार्लिटो
http://www.wikidata.org/entity/Q106811972,देशराज पटेरिया
http://www.wikidata.org/entity/Q108479062,जनालिन कास्टेलिनो
http://www.wikidata.org/entity/Q110975126,भुवन बादआकर
